Year,Site,Treatment,LFP,Earnings,Welfare,Receipt,FoodStamps,Imputed_Earnings,DATE,CPIAUCSL,year,CPI
1996,CTJF,Control,42.225,3831.0,73.925,3920.0,77.8,9072.824156305505,1996-01-01,156.85833333333332,1996,1.1519583843329253
1997,CTJF,Control,47.825,5465.0,55.85,3018.0,63.349999999999994,11427.07788813382,1997-01-01,160.525,1997,1.178886168910649
1998,CTJF,Control,52.525,7054.0,42.35,2260.0,53.375,13429.795335554498,1998-01-01,163.00833333333333,1998,1.197123623011016
1999,CTJF,Control,53.6,8502.0,30.924999999999997,1648.0,45.05,15861.940298507461,1999-01-01,166.58333333333334,1999,1.2233782129742963
1996,CTJF,Treatment,49.425,4028.0,81.125,4674.0,80.69999999999999,8149.721800708144,1996-01-01,156.85833333333332,1996,1.1519583843329253
1997,CTJF,Treatment,56.175,6105.0,59.599999999999994,3382.0,65.02499999999999,10867.823765020028,1997-01-01,160.525,1997,1.178886168910649
1998,CTJF,Treatment,58.849999999999994,7658.0,33.574999999999996,1837.0,50.825,13012.744265080715,1998-01-01,163.00833333333333,1998,1.197123623011016
1999,CTJF,Treatment,60.5,8870.0,21.249999999999996,1168.0,42.224999999999994,14661.157024793389,1999-01-01,166.58333333333334,1999,1.2233782129742963
1994,FTP,Control,39.325,2520.0,64.375,1990.0,76.025,6408.137317228226,1994-01-01,148.225,1994,1.0885556915544676
1995,FTP,Control,43.175,3279.0,44.449999999999996,1289.0,60.550000000000004,7594.672843080487,1995-01-01,152.38333333333333,1995,1.1190942472460221
1996,FTP,Control,44.65,3853.0,32.025,870.0,48.85000000000001,8629.339305711086,1996-01-01,156.85833333333332,1996,1.1519583843329253
1997,FTP,Control,47.99999999999999,4641.0,20.65,548.0,40.65,9668.750000000002,1997-01-01,160.525,1997,1.178886168910649
1998,FTP,Control,49.150000000000006,5146.0,15.25,396.0,35.400000000000006,10469.989827060019,1998-01-01,163.00833333333333,1998,1.197123623011016
1994,FTP,Treatment,42.3,2757.0,66.65,1980.0,76.42500000000001,6517.730496453901,1994-01-01,148.225,1994,1.0885556915544676
1995,FTP,Treatment,49.7,3939.0,43.625,1153.0,59.625,7925.553319919516,1995-01-01,152.38333333333333,1995,1.1190942472460221
1996,FTP,Treatment,51.37499999999999,4763.0,25.175,581.0,48.45,9271.046228710464,1996-01-01,156.85833333333332,1996,1.1519583843329253
1997,FTP,Treatment,49.75,5206.0,11.9,273.0,40.0,10464.321608040202,1997-01-01,160.525,1997,1.178886168910649
1998,FTP,Treatment,47.85,5274.0,8.899999999999999,202.0,33.75,11021.943573667711,1998-01-01,163.00833333333333,1998,1.197123623011016
1994,MFIP-LR-I,Control,31.23333333333333,1642.6666666666667,95.76666666666667,7648.0,,5259.338313767344,1994-01-01,148.225,1994,1.0885556915544676
1995,MFIP-LR-I,Control,34.7,2837.0,82.425,6507.0,,8175.79250720461,1995-01-01,152.38333333333333,1995,1.1190942472460221
1996,MFIP-LR-I,Control,43.224999999999994,4567.0,69.125,5348.0,,10565.644881434357,1996-01-01,156.85833333333332,1996,1.1519583843329253
1997,MFIP-LR-I,Control,44.7,5480.0,60.3,4664.0,,12259.507829977627,1997-01-01,160.525,1997,1.178886168910649
1994,MFIP-LR-I,Treatment,36.23333333333334,1820.0,96.96666666666665,8325.333333333334,,5022.999080036798,1994-01-01,148.225,1994,1.0885556915544676
1995,MFIP-LR-I,Treatment,41.625,2910.0,88.25,7585.0,,6990.990990990991,1995-01-01,152.38333333333333,1995,1.1190942472460221
1996,MFIP-LR-I,Treatment,45.175,4243.0,78.3,6510.0,,9392.363032650803,1996-01-01,156.85833333333332,1996,1.1519583843329253
1997,MFIP-LR-I,Treatment,51.3,5528.0,72.1,5812.0,,10775.828460038985,1997-01-01,160.525,1997,1.178886168910649
1996,LA-GAIN,Control,27.96666666666667,2216.0,92.8,6016.0,89.09999999999998,7923.718712753278,1996-01-01,156.85833333333332,1996,1.1519583843329253
1997,LA-GAIN,Control,35.8,3638.0,75.85,4590.0,73.75,10162.011173184357,1997-01-01,160.525,1997,1.178886168910649
1998,LA-GAIN,Control,38.4,4340.0,66.2,3852.0,64.5,11302.083333333334,1998-01-01,163.00833333333333,1998,1.197123623011016
1996,LA-GAIN,Treatment,37.13333333333333,2990.6666666666665,90.33333333333333,5616.0,86.86666666666667,8053.859964093356,1996-01-01,156.85833333333332,1996,1.1519583843329253
1997,LA-GAIN,Treatment,42.45,4448.0,71.4,4068.0,69.975,10478.20965842167,1997-01-01,160.525,1997,1.178886168910649
1998,LA-GAIN,Treatment,44.9,5288.0,61.5,3252.0,60.3,11777.28285077951,1998-01-01,163.00833333333333,1998,1.197123623011016
1994,MFIP-LR-F,Control,31.23333333333333,1642.6666666666667,95.76666666666667,7648.0,,5259.338313767344,1994-01-01,148.225,1994,1.0885556915544676
1995,MFIP-LR-F,Control,34.7,2837.0,82.425,6507.0,,8175.79250720461,1995-01-01,152.38333333333333,1995,1.1190942472460221
1996,MFIP-LR-F,Control,43.224999999999994,4567.0,69.125,5348.0,,10565.644881434357,1996-01-01,156.85833333333332,1996,1.1519583843329253
1997,MFIP-LR-F,Control,44.7,5480.0,60.3,4664.0,,12259.507829977627,1997-01-01,160.525,1997,1.178886168910649
1994,MFIP-LR-F,Treatment,40.266666666666666,1948.0,96.16666666666667,8257.333333333334,,4837.748344370861,1994-01-01,148.225,1994,1.0885556915544676
1995,MFIP-LR-F,Treatment,49.975,3734.0,86.25,7062.0,,7471.735867933967,1995-01-01,152.38333333333333,1995,1.1190942472460221
1996,MFIP-LR-F,Treatment,54.8,5281.0,75.925,5948.0,,9636.861313868614,1996-01-01,156.85833333333332,1996,1.1519583843329253
1997,MFIP-LR-F,Treatment,56.9,5944.0,67.8,5288.0,,10446.39718804921,1997-01-01,160.525,1997,1.178886168910649
1994,MFIP-R-I,Control,49.26666666666667,3982.6666666666665,74.56666666666668,4016.0,,8083.8971583220555,1994-01-01,148.225,1994,1.0885556915544676
1995,MFIP-R-I,Control,51.475,5917.0,53.324999999999996,3343.0,,11494.90043710539,1995-01-01,152.38333333333333,1995,1.1190942472460221
1996,MFIP-R-I,Control,54.625,7460.0,40.825,2539.0,,13656.75057208238,1996-01-01,156.85833333333332,1996,1.1519583843329253
1997,MFIP-R-I,Control,55.3,8380.0,33.8,2040.0,,15153.707052441232,1997-01-01,160.525,1997,1.178886168910649
1994,MFIP-R-I,Treatment,51.23333333333333,3932.0,81.33333333333333,5077.333333333333,,7674.690956408588,1994-01-01,148.225,1994,1.0885556915544676
1995,MFIP-R-I,Treatment,52.5,5510.0,63.050000000000004,4449.0,,10495.238095238095,1995-01-01,152.38333333333333,1995,1.1190942472460221
1996,MFIP-R-I,Treatment,54.75,6927.0,50.925,3626.0,,12652.054794520549,1996-01-01,156.85833333333332,1996,1.1519583843329253
1997,MFIP-R-I,Treatment,55.1,7760.0,44.0,3136.0,,14083.484573502721,1997-01-01,160.525,1997,1.178886168910649
1994,MFIP-R-F,Control,49.26666666666667,3982.6666666666665,74.56666666666668,4016.0,,8083.8971583220555,1994-01-01,148.225,1994,1.0885556915544676
1995,MFIP-R-F,Control,51.475,5917.0,53.324999999999996,3343.0,,11494.90043710539,1995-01-01,152.38333333333333,1995,1.1190942472460221
1996,MFIP-R-F,Control,54.625,7460.0,40.825,2539.0,,13656.75057208238,1996-01-01,156.85833333333332,1996,1.1519583843329253
1997,MFIP-R-F,Control,55.3,8380.0,33.8,2040.0,,15153.707052441232,1997-01-01,160.525,1997,1.178886168910649
1994,MFIP-R-F,Treatment,51.36666666666667,3780.0,82.2,5058.666666666667,,7358.85788449059,1994-01-01,148.225,1994,1.0885556915544676
1995,MFIP-R-F,Treatment,54.849999999999994,5780.0,62.27499999999999,4203.0,,10537.830446672744,1995-01-01,152.38333333333333,1995,1.1190942472460221
1996,MFIP-R-F,Treatment,57.75,7472.0,47.55,3162.0,,12938.528138528138,1996-01-01,156.85833333333332,1996,1.1519583843329253
1997,MFIP-R-F,Treatment,58.4,8344.0,40.9,2660.0,,14287.671232876713,1997-01-01,160.525,1997,1.178886168910649
1991,LFA-Atlanta,Control,44.4,1647.0,1647.0,,,3709.4594594594596,1991-01-01,136.16666666666666,1991,1.0
1992,LFA-Atlanta,Control,49.8,2578.0,2578.0,,,5176.706827309237,1992-01-01,140.30833333333334,1992,1.0304161566707468
1993,LFA-Atlanta,Control,54.1,3313.0,3313.0,,,6123.844731977819,1993-01-01,144.475,1993,1.061015911872705
1994,LFA-Atlanta,Control,58.5,4255.0,4255.0,,,7273.504273504274,1994-01-01,148.225,1994,1.0885556915544676
1995,LFA-Atlanta,Control,63.0,5586.0,5586.0,,,8866.666666666666,1995-01-01,152.38333333333333,1995,1.1190942472460221
1991,LFA-Atlanta,Treatment,49.1,2043.0,2043.0,,,4160.896130346232,1991-01-01,136.16666666666666,1991,1.0
1992,LFA-Atlanta,Treatment,55.3,3228.0,3228.0,,,5837.2513562386985,1992-01-01,140.30833333333334,1992,1.0304161566707468
1993,LFA-Atlanta,Treatment,58.4,3930.0,3930.0,,,6729.452054794521,1993-01-01,144.475,1993,1.061015911872705
1994,LFA-Atlanta,Treatment,61.5,4815.0,4815.0,,,7829.268292682927,1994-01-01,148.225,1994,1.0885556915544676
1995,LFA-Atlanta,Treatment,65.1,5821.0,5821.0,,,8941.62826420891,1995-01-01,152.38333333333333,1995,1.1190942472460221
1991,HCD-Atlanta,Control,44.4,1647.0,1647.0,,,3709.4594594594596,1991-01-01,136.16666666666666,1991,1.0
1992,HCD-Atlanta,Control,49.8,2578.0,2578.0,,,5176.706827309237,1992-01-01,140.30833333333334,1992,1.0304161566707468
1993,HCD-Atlanta,Control,54.1,3313.0,3313.0,,,6123.844731977819,1993-01-01,144.475,1993,1.061015911872705
1994,HCD-Atlanta,Control,58.5,4255.0,4255.0,,,7273.504273504274,1994-01-01,148.225,1994,1.0885556915544676
1995,HCD-Atlanta,Control,63.0,5586.0,5586.0,,,8866.666666666666,1995-01-01,152.38333333333333,1995,1.1190942472460221
1991,HCD-Atlanta,Treatment,45.5,1846.0,1846.0,,,4057.142857142857,1991-01-01,136.16666666666666,1991,1.0
1992,HCD-Atlanta,Treatment,54.3,3059.0,3059.0,,,5633.517495395948,1992-01-01,140.30833333333334,1992,1.0304161566707468
1993,HCD-Atlanta,Treatment,58.2,3912.0,3912.0,,,6721.649484536081,1993-01-01,144.475,1993,1.061015911872705
1994,HCD-Atlanta,Treatment,60.3,4910.0,4910.0,,,8142.620232172471,1994-01-01,148.225,1994,1.0885556915544676
1995,HCD-Atlanta,Treatment,63.6,5671.0,5671.0,,,8916.666666666666,1995-01-01,152.38333333333333,1995,1.1190942472460221
1991,LFA-GR,Control,52.9,1759.0,1759.0,,,3325.141776937618,1991-01-01,136.16666666666666,1991,1.0
1992,LFA-GR,Control,60.6,2874.0,2874.0,,,4742.574257425743,1992-01-01,140.30833333333334,1992,1.0304161566707468
1993,LFA-GR,Control,65.0,4211.0,4211.0,,,6478.461538461538,1993-01-01,144.475,1993,1.061015911872705
1994,LFA-GR,Control,70.0,5480.0,5480.0,,,7828.5714285714275,1994-01-01,148.225,1994,1.0885556915544676
1995,LFA-GR,Control,73.0,6447.0,6447.0,,,8831.506849315068,1995-01-01,152.38333333333333,1995,1.1190942472460221
1991,LFA-GR,Treatment,63.6,2289.0,2289.0,,,3599.056603773585,1991-01-01,136.16666666666666,1991,1.0
1992,LFA-GR,Treatment,67.2,3385.0,3385.0,,,5037.202380952381,1992-01-01,140.30833333333334,1992,1.0304161566707468
1993,LFA-GR,Treatment,69.8,4658.0,4658.0,,,6673.352435530086,1993-01-01,144.475,1993,1.061015911872705
1994,LFA-GR,Treatment,71.3,5615.0,5615.0,,,7875.175315568023,1994-01-01,148.225,1994,1.0885556915544676
1995,LFA-GR,Treatment,70.0,6376.0,6376.0,,,9108.571428571428,1995-01-01,152.38333333333333,1995,1.1190942472460221
1991,HCD-GR,Control,52.9,1759.0,1759.0,,,3325.141776937618,1991-01-01,136.16666666666666,1991,1.0
1992,HCD-GR,Control,60.6,2874.0,2874.0,,,4742.574257425743,1992-01-01,140.30833333333334,1992,1.0304161566707468
1993,HCD-GR,Control,65.0,4211.0,4211.0,,,6478.461538461538,1993-01-01,144.475,1993,1.061015911872705
1994,HCD-GR,Control,70.0,5480.0,5480.0,,,7828.5714285714275,1994-01-01,148.225,1994,1.0885556915544676
1995,HCD-GR,Control,73.0,6447.0,6447.0,,,8831.506849315068,1995-01-01,152.38333333333333,1995,1.1190942472460221
1991,HCD-GR,Treatment,58.1,1869.0,1869.0,,,3216.8674698795176,1991-01-01,136.16666666666666,1991,1.0
1992,HCD-GR,Treatment,65.5,3354.0,3354.0,,,5120.6106870229005,1992-01-01,140.30833333333334,1992,1.0304161566707468
1993,HCD-GR,Treatment,67.2,4514.0,4514.0,,,6717.261904761905,1993-01-01,144.475,1993,1.061015911872705
1994,HCD-GR,Treatment,70.0,5535.0,5535.0,,,7907.142857142856,1994-01-01,148.225,1994,1.0885556915544676
1995,HCD-GR,Treatment,70.3,6345.0,6345.0,,,9025.604551920342,1995-01-01,152.38333333333333,1995,1.1190942472460221
